domain,version,name,firstCompanyName,category,street,city,zip,phone,email,website_title,website_url,website_description,website_images,created,utc_time_create,person,og_title,og_description,og_image,og_site_name,og_url,raw_details
http://ink-center.de/,3,Ink-center.de Bürobedarfversandhandel Druckerzubehör Schreibwaren,,BÜROBEDARF,"Zur Bleiche 44,",Flensburg-Südstadt,24941,0461 49 43 39 36,,ink-center.de - Denna webbplats är till salu! - ink center Resurser och information.,,"Denna webbplats är till salu! ink-center.de är din första och bästa källa för all information du letar efter. Allt från allmänna frågor till vad du kan förvänta dig att hitta här, ink-center.de har allt. Vi hoppas att du hittar vad du letar efter!",,1729579125271,,,,,,,,"{""domain"": ""http://ink-center.de/"", ""version"": ""3"", ""name"": ""Ink-center.de B\u00fcrobedarfversandhandel Druckerzubeh\u00f6r Schreibwaren"", ""category"": ""B\u00dcROBEDARF"", ""contact"": {""street"": ""Zur Bleiche 44,"", ""city"": ""Flensburg-S\u00fcdstadt"", ""zip"": ""24941"", ""phone"": ""0461 49 43 39 36"", ""email"": """"}, ""websiteInfo"": {""meta"": {""title"": ""ink-center.de\u00a0-\u00a0Denna webbplats \u00e4r till salu!\u00a0-\u00a0ink center Resurser och information."", ""description"": ""Denna webbplats \u00e4r till salu! ink-center.de \u00e4r din f\u00f6rsta och b\u00e4sta k\u00e4lla f\u00f6r all information du letar efter. Allt fr\u00e5n allm\u00e4nna fr\u00e5gor till vad du kan f\u00f6rv\u00e4nta dig att hitta h\u00e4r, ink-center.de har allt. Vi hoppas att du hittar vad du letar efter!""}, ""og"": {}, ""images"": []}, ""created"": 1729579125271}"
http://tpnetworks.de/,3,TP Networks,,NETZWERKTECHNIK,"Klausenburger Str. 9,",München-Bogenhausen,81677,089 35 71 51-0,info@tpnetworks.de,IT Dienstleister München - Netzwerke und Datensicherheit,,"TP Networks aus München unterstützt Sie als IT Dienstleister bei Strukturierung und Aufbau von Netzwerken, EDV Umzügen und Datenträgervernichtung.",http://tpnetworks.de/images/logo-white.webp;http://tpnetworks.de/images/team.webp;http://tpnetworks.de/images/festplatte.webp;http://tpnetworks.de/images/network-cables.webp,1729577384390,,,,,,,,"{""domain"": ""http://tpnetworks.de/"", ""version"": ""3"", ""name"": ""TP Networks"", ""category"": ""NETZWERKTECHNIK"", ""contact"": {""street"": ""Klausenburger Str. 9,"", ""city"": ""M\u00fcnchen-Bogenhausen"", ""zip"": ""81677"", ""phone"": ""089 35 71 51-0"", ""email"": ""info@tpnetworks.de""}, ""websiteInfo"": {""meta"": {""title"": ""IT Dienstleister M\u00fcnchen - Netzwerke und Datensicherheit"", ""description"": ""TP Networks aus M\u00fcnchen unterst\u00fctzt Sie als IT Dienstleister bei Strukturierung und Aufbau von Netzwerken, EDV Umz\u00fcgen und Datentr\u00e4gervernichtung.""}, ""og"": {}, ""images"": [{""src"": ""http://tpnetworks.de/images/logo-white.webp""}, {""src"": ""http://tpnetworks.de/images/team.webp""}, {""src"": ""http://tpnetworks.de/images/festplatte.webp""}, {""src"": ""http://tpnetworks.de/images/network-cables.webp""}]}, ""created"": 1729577384390}"
http://hanseatic-it.net/,3,HANSEATiC-iT Datenrettung und Computerservice,,COMPUTERNOTDIENSTE,"Haydnring 52,",Bad Schwartau,23611,0451 47 99 20 12,service@hanseatic-it.net,HANSEATiC-iT – Datenrettung und Computerservice,https://hanseatic-it.net/,,https://hanseatic-it.net/wp-content/uploads/2022/06/cropped-logo3_hanseaticit-1.jpg;https://hanseatic-it.net/wp-content/uploads/2022/06/cropped-logo3_hanseaticit-1.jpg;https://hanseatic-it.net/wp-content/uploads/2022/06/cropped-logo3_hanseaticit-1.jpg,1729577388198,,,,,,,,"{""domain"": ""http://hanseatic-it.net/"", ""version"": ""3"", ""name"": ""HANSEATiC-iT Datenrettung und Computerservice"", ""category"": ""COMPUTERNOTDIENSTE"", ""contact"": {""street"": ""Haydnring 52,"", ""city"": ""Bad Schwartau"", ""zip"": ""23611"", ""phone"": ""0451 47 99 20 12"", ""email"": ""service@hanseatic-it.net""}, ""websiteInfo"": {""meta"": {""title"": ""HANSEATiC-iT \u2013 Datenrettung und Computerservice"", ""url"": ""https://hanseatic-it.net/""}, ""og"": {}, ""images"": [{""src"": ""https://hanseatic-it.net/wp-content/uploads/2022/06/cropped-logo3_hanseaticit-1.jpg""}, {""src"": ""https://hanseatic-it.net/wp-content/uploads/2022/06/cropped-logo3_hanseaticit-1.jpg""}, {""src"": ""https://hanseatic-it.net/wp-content/uploads/2022/06/cropped-logo3_hanseaticit-1.jpg""}]}, ""created"": 1729577388198}"
http://i-e-tec.de/,6,"I-E-TEC, Wolfgang Teiwes",,IT-ANLAGEN,"Tucheler Weg 15D,",Norderstedt-Harksheide,22844,,info@i-e-tec.de,I-E-TEC,,"WebDesign, HomePages, Php, Pearl, MySql, Flash CS3, Flash CS4, Actionscript, Diagramme, CMS Systeme, Joomla, Typo3, Graphik, Grafik, Statistik, GD2, Hardware, Software, Aufzugstechnik, Koch-Aufzüge, GAK, Micontrol 2000, Elektronikkomponenten, Elektronikbauteile, Punktmatrixanzeige, HDSP-2112, ZeroPower_RAM, M48Z02-70PCI, RAM, 2114, 6514, Frequenzumrichter, Frequenzumrichtertechnik, Dietz, Emotron, CGglobal, Steuerungstechnik, Regelungstechnik, SPS, Siemens S7, Siemens_SPS",http://i-e-tec.de/images/Logo_2016_5.png;http://i-e-tec.de/c0_div_acts/medias/browser_x.png;http://i-e-tec.de/images/nav_icon_0.png;http://i-e-tec.de/c8_inh_texte/VT_WOT.jpg;http://i-e-tec.de/c8_inh_texte/VT_Kontakt.png;http://i-e-tec.de/c8_inh_texte/VT_Lageplan.png;http://i-e-tec.de/images/G_Globus_2.png;http://i-e-tec.de/img/Logo_2016_5.png;http://i-e-tec.de/img/val_html5.png;http://i-e-tec.de/images/Logo_2016_5.png;http://i-e-tec.de/img/Dummy_Img_44.png;http://i-e-tec.de/img/Start_Dummy_1.png,1729579119609,,,,,,,,"{""domain"": ""http://i-e-tec.de/"", ""version"": ""6"", ""name"": ""I-E-TEC, Wolfgang Teiwes"", ""category"": ""IT-ANLAGEN"", ""contact"": {""street"": ""Tucheler Weg 15D,"", ""city"": ""Norderstedt-Harksheide"", ""zip"": ""22844"", ""phone"": """", ""email"": ""info@i-e-tec.de""}, ""websiteInfo"": {""meta"": {""title"": ""I-E-TEC"", ""description"": ""WebDesign, HomePages, Php, Pearl, MySql, Flash CS3, Flash CS4, Actionscript, Diagramme, CMS Systeme, Joomla, Typo3, Graphik, Grafik, Statistik, GD2, Hardware, Software, Aufzugstechnik, Koch-Aufz\u00fcge, GAK, Micontrol 2000, Elektronikkomponenten, Elektronikbauteile, Punktmatrixanzeige, HDSP-2112, ZeroPower_RAM, M48Z02-70PCI, RAM, 2114, 6514, Frequenzumrichter, Frequenzumrichtertechnik, Dietz, Emotron, CGglobal, Steuerungstechnik, Regelungstechnik, SPS, Siemens S7, Siemens_SPS""}, ""og"": {}, ""images"": [{""src"": ""http://i-e-tec.de/images/Logo_2016_5.png""}, {""src"": ""http://i-e-tec.de/c0_div_acts/medias/browser_x.png""}, {""src"": ""http://i-e-tec.de/images/nav_icon_0.png""}, {""src"": ""http://i-e-tec.de/c8_inh_texte/VT_WOT.jpg""}, {""src"": ""http://i-e-tec.de/c8_inh_texte/VT_Kontakt.png""}, {""src"": ""http://i-e-tec.de/c8_inh_texte/VT_Lageplan.png""}, {""src"": ""http://i-e-tec.de/images/G_Globus_2.png""}, {""src"": ""http://i-e-tec.de/img/Logo_2016_5.png""}, {""src"": ""http://i-e-tec.de/img/val_html5.png""}, {""src"": ""http://i-e-tec.de/images/Logo_2016_5.png""}, {""src"": ""http://i-e-tec.de/img/Dummy_Img_44.png""}, {""src"": ""http://i-e-tec.de/img/Start_Dummy_1.png""}]}, ""created"": 1729579119609}"
http://bfwkom.de/,3,BFW Kommunikationssysteme GmbH,,NETZWERKTECHNIK,"Berliner Allee 41,",Langenhagen-Godshorn,30855,0511 7 86 94-0,info@bfwkom.de,BFW Kommunukationssysteme GmbH,http://bfwkom.de/index.html,"Ihr Partner aus Niedersachsen für Telekommunikation, Informationstechnologie und Netzwerktechnik",http://bfwkom.de/media/images/banner1-2-large.png;http://bfwkom.de/media/images/telekommunikation4.png;http://bfwkom.de/media/images/informationstechnologie6.png;http://bfwkom.de/media/images/netzwerktechnik6.png;http://bfwkom.de/media/images/logo-02.png;http://bfwkom.de/media/images/dose1_400_6.png,1729577388547,,,BFW Kommunukationssysteme GmbH,"Ihr Partner aus Niedersachsen für Telekommunikation, Informationstechnologie und Netzwerktechnik",,,http://bfwkom.de/index.html,"{""domain"": ""http://bfwkom.de/"", ""version"": ""3"", ""name"": ""BFW Kommunikationssysteme GmbH"", ""category"": ""NETZWERKTECHNIK"", ""contact"": {""street"": ""Berliner Allee 41,"", ""city"": ""Langenhagen-Godshorn"", ""zip"": ""30855"", ""phone"": ""0511 7 86 94-0"", ""email"": ""info@bfwkom.de""}, ""websiteInfo"": {""meta"": {""title"": ""BFW Kommunukationssysteme GmbH"", ""url"": ""http://bfwkom.de/index.html"", ""description"": ""Ihr Partner aus Niedersachsen f\u00fcr Telekommunikation, Informationstechnologie und Netzwerktechnik""}, ""og"": {""type"": ""website"", ""title"": ""BFW Kommunukationssysteme GmbH"", ""description"": ""Ihr Partner aus Niedersachsen f\u00fcr Telekommunikation, Informationstechnologie und Netzwerktechnik"", ""url"": ""http://bfwkom.de/index.html""}, ""images"": [{""src"": ""http://bfwkom.de/media/images/banner1-2-large.png""}, {""src"": ""http://bfwkom.de/media/images/telekommunikation4.png""}, {""src"": ""http://bfwkom.de/media/images/informationstechnologie6.png""}, {""src"": ""http://bfwkom.de/media/images/netzwerktechnik6.png""}, {""src"": ""http://bfwkom.de/media/images/logo-02.png""}, {""src"": ""http://bfwkom.de/media/images/dose1_400_6.png""}]}, ""created"": 1729577388547}"
http://asconia-info.com/,1,Asconia Verwaltung UG (haftungsbeschränkt),,IT-DIENSTLEISTUNGEN,"Knickweg 7,",Kisdorf,24629,0152 53 48 21 31,,,,,,1729562403823,,,,,,,,"{""domain"": ""http://asconia-info.com/"", ""version"": ""1"", ""name"": ""Asconia Verwaltung UG (haftungsbeschr\u00e4nkt)"", ""category"": ""IT-DIENSTLEISTUNGEN"", ""contact"": {""street"": ""Knickweg 7,"", ""city"": ""Kisdorf"", ""zip"": ""24629"", ""phone"": ""0152 53 48 21 31"", ""email"": """"}, ""websiteInfo"": {""meta"": {}, ""og"": {}, ""images"": []}, ""created"": 1729562403823}"
http://ql-it.de/,3,QL-IT Lösungen GmbH,,NETZWERKTECHNIK,"Haferwende 36,",Bremen-Lehesterdeich,28357,0421 9 57 00 20,info@ql-it.de,Start - QL-IT Lösungen GmbH,https://www.ql-it.de/,,https://dev.ql-it.de/wp-content/uploads/2015/12/Logo_QL-IT-h70px.png;https://dev.ql-it.de/wp-content/uploads/2015/12/Logo_QL-IT-h70px.png;https://dev.ql-it.de/wp-content/uploads/2015/12/Logo_QL-IT-h70px.png;https://dev.ql-it.de/wp-content/uploads/2015/12/Logo_QL-IT-h70px.png;https://dev.ql-it.de/wp-content/uploads/2015/12/Logo_QL-IT-h70px.png;https://www.ql-it.de/wp-content/uploads/2023/12/IMG_1662.webp;https://www.ql-it.de/wp-content/uploads/2023/11/Slide2-Kopie.webp;https://www.ql-it.de/wp-content/uploads/2023/11/Slide3.webp;https://www.ql-it.de/wp-content/uploads/2023/12/QL-IT_Partner_Header_Cloudya_Variante-1_.webp;https://www.ql-it.de/wp-content/uploads/2021/12/individualprogrammierung_webapps.jpg;https://www.ql-it.de/wp-content/uploads/2022/08/IT_Team_Bremen_QL-IT-min.jpg;https://www.ql-it.de/wp-content/uploads/2023/12/BPF8819-864x1024.webp;https://www.ql-it.de/wp-content/uploads/2023/12/BPF7731-864x1024.webp;https://www.ql-it.de/wp-content/uploads/2024/01/QL-IT_Dec_2023-2-1.webp;https://www.ql-it.de/wp-content/uploads/2023/07/1-removebg-preview-1.png;https://www.ql-it.de/wp-content/uploads/2024/01/Microsoft.jpg;https://www.ql-it.de/wp-content/uploads/2023/09/download.png;https://www.ql-it.de/wp-content/uploads/2023/07/logo-sophos_gold_partner-600px-removebg-preview.png;https://www.ql-it.de/wp-content/uploads/2023/07/1-1.png;https://www.ql-it.de/wp-content/uploads/2023/11/Docu_gold.jpg;https://www.ql-it.de/wp-content/uploads/2023/07/4-3.png;https://www.ql-it.de/wp-content/uploads/2023/07/NFON_Gold-Partner-640w-removebg-preview.png;https://www.ql-it.de/wp-content/uploads/2023/07/Design-ohne-Titel-7.png;https://www.ql-it.de/wp-content/uploads/2023/11/cml-logo-weiss2-1-Kopie.webp;https://dev.ql-it.de/wp-content/uploads/2015/12/Logo_QL-IT-h30px.png,1729577390996,,,Start - QL-IT Lösungen GmbH,"[cherry_row]  [cherry_col size_md=""12"" size_xs=""12"" size_sm=""12"" size_lg=""12""]  [cherry_box preset=""primary"" bg_color=""#f6f6f6"" class=""style_1""]  [cherry_row_inner type=""fixed-width""] [cherry_col_inner size_xs=""12"" size_sm=""3"" size_md=""3"" size_lg=""3""]  [cherry_banner title=""IT Services"" url=""http://www.ql-it.de/it-services/"" color=""#ffffff"" class=""style_1"" template=""custom_banner.tmpl""]Wir betreuen Ihre IT-Infrastruktur und sind Ihre externe IT-Abteilung. Ganz nah an Ihrem Unternehmen und Ihren Geschäftsprozessen. Werden Sie schon richtig betreut?[/cherry_banner]  [/cherry_col_inner] [cherry_col_inner size_xs=""12"" size_sm=""3"" size_md=""3"" size_lg=""3""]  [cherry_banner title=""Software & Development"" url=""http://www.ql-it.de/excepteur-sint-occaecat/fusce-suscipit-varius"" color=""#ffffff"" class=""style_1"" template=""custom_banner.tmpl""]Wir begleiten Sie bei Ihren Software-Projekten. Ob bei der Einführung Ihres ERP-Systems oder der Entwicklung einer individuellen Datenbank.[/cherry_banner]  [/cherry_col_inner] [cherry_col_inner size_xs=""12"" size_sm=""3"" size_md=""3"" size_lg=""3""]  [cherry_banner title=""IT Consulting"" url=""http://www.ql-it.de/lorem-ipsum-dolor/aliquam-erat-volutpat"" color=""#ffffff"" class=""style_1"" template=""custom_banner.tmpl""]Passen Ihre Geschäftsprozesse zu Ihrer IT? Müssen Sie noch manuell Daten eingeben, die eigentlich bereits vorhanden sind und nur nicht effizient genutzt werden? Wir helfen Ihnen dabei.[/cherry_banner]  [/cherry_col_inner] [cherry_col_inner size_xs=""12"" size_sm=""3"" size_md=""3"" size_lg=""3""]  [cherry_banner title=""IT-Lösungen für den Mittelstand"" url=""http://www.ql-it.de/lorem-ipsum-dolor/mauris-posuere"" color=""#ffffff"" class=""style_1"" template=""custom_banner.tmpl""]Wir bieten ganzheitliche IT-Lösungen für den Mittelstand. Haben Sie eine IT, die Aufgaben löst?[/cherry_banner]  [/cherry_col_inner] [/cherry_row_inner]  [/cherry_box]  [/cherry_col]  [/cherry_row]  [cherry_row type=""fixed-width""]  [cherry_col size_md=""6"" size_xs=""12"" size_sm=""6"" size_lg=""6""]    [/cherry_col]  [cherry_col size_md=""6"" size_xs=""12"" size_sm=""6"" size_lg=""6""]  [cherry_row_inner]  [cherry_col_inner size_md=""12"" size_xs=""12"" size_sm=""12"" size_lg=""12""]  [cherry_title_box title=""QL-IT Lösungen GmbH - seit 15 Jahren"" subtitle=""Seit Oktober 2000 bieten wir IT und e-Commerce Lösungen für den Mittelstand"" icon_size=""20"" title_color=""#333333"" subtitle_color=""#a9aaa6"" icon_color=""#4e4d4d""]  [/cherry_col_inner]  [/cherry_row_inner]  [cherry_row_inner]  [cherry_col_inner size_md=""12"" size_xs=""12"" size_sm=""12"" size_lg=""12""]  Die Kombination aus technischem Know-How, zertifiziertes strukturiertes Arbeiten und vor allem kaufmännischen Know-How hebt uns von unseren Mitbewerbern ab.  Unsere Leistung besteht darin, Ihnen genau die Technik zur Verfügung zu stellen, die Sie benötigen und die kaufmännisch sinnvoll ist. Wir können uns in Ihre Geschäftsprozesse hineinversetzen und Ihnen dafür optimale unterstützende Lösungen anbieten.  Für unsere Kunden bedeutet dies, störungsfrei zu arbeiten mit voller Konzentration auf das Kerngeschäft.  Insbesondere kleine und mittelständische Unternehmen mit bis zu 100 Computerarbeitsplätzen profitieren von unseren Leistungen in den Bereichen:  [/cherry_col_inner]  [/cherry_row_inner]  [/cherry_col]  [/cherry_row]",https://www.ql-it.de/wp-content/uploads/2023/12/IMG_1662.webp,QL-IT Lösungen GmbH,https://www.ql-it.de/,"{""domain"": ""http://ql-it.de/"", ""version"": ""3"", ""name"": ""QL-IT L\u00f6sungen GmbH"", ""category"": ""NETZWERKTECHNIK"", ""contact"": {""street"": ""Haferwende 36,"", ""city"": ""Bremen-Lehesterdeich"", ""zip"": ""28357"", ""phone"": ""0421 9 57 00 20"", ""email"": ""info@ql-it.de""}, ""websiteInfo"": {""meta"": {""title"": ""Start - QL-IT L\u00f6sungen GmbH"", ""url"": ""https://www.ql-it.de/""}, ""og"": {""type"": ""website"", ""title"": ""Start - QL-IT L\u00f6sungen GmbH"", ""description"": ""[cherry_row]  [cherry_col size_md=\""12\"" size_xs=\""12\"" size_sm=\""12\"" size_lg=\""12\""]  [cherry_box preset=\""primary\"" bg_color=\""#f6f6f6\"" class=\""style_1\""]  [cherry_row_inner type=\""fixed-width\""] [cherry_col_inner size_xs=\""12\"" size_sm=\""3\"" size_md=\""3\"" size_lg=\""3\""]  [cherry_banner title=\""IT Services\"" url=\""http://www.ql-it.de/it-services/\"" color=\""#ffffff\"" class=\""style_1\"" template=\""custom_banner.tmpl\""]Wir betreuen Ihre IT-Infrastruktur und sind Ihre externe IT-Abteilung. Ganz nah an Ihrem Unternehmen und Ihren Gesch\u00e4ftsprozessen. Werden Sie schon richtig betreut?[/cherry_banner]  [/cherry_col_inner] [cherry_col_inner size_xs=\""12\"" size_sm=\""3\"" size_md=\""3\"" size_lg=\""3\""]  [cherry_banner title=\""Software & Development\"" url=\""http://www.ql-it.de/excepteur-sint-occaecat/fusce-suscipit-varius\"" color=\""#ffffff\"" class=\""style_1\"" template=\""custom_banner.tmpl\""]Wir begleiten Sie bei Ihren Software-Projekten. Ob bei der Einf\u00fchrung Ihres ERP-Systems oder der Entwicklung einer individuellen Datenbank.[/cherry_banner]  [/cherry_col_inner] [cherry_col_inner size_xs=\""12\"" size_sm=\""3\"" size_md=\""3\"" size_lg=\""3\""]  [cherry_banner title=\""IT Consulting\"" url=\""http://www.ql-it.de/lorem-ipsum-dolor/aliquam-erat-volutpat\"" color=\""#ffffff\"" class=\""style_1\"" template=\""custom_banner.tmpl\""]Passen Ihre Gesch\u00e4ftsprozesse zu Ihrer IT? M\u00fcssen Sie noch manuell Daten eingeben, die eigentlich bereits vorhanden sind und nur nicht effizient genutzt werden? Wir helfen Ihnen dabei.[/cherry_banner]  [/cherry_col_inner] [cherry_col_inner size_xs=\""12\"" size_sm=\""3\"" size_md=\""3\"" size_lg=\""3\""]  [cherry_banner title=\""IT-L\u00f6sungen f\u00fcr den Mittelstand\"" url=\""http://www.ql-it.de/lorem-ipsum-dolor/mauris-posuere\"" color=\""#ffffff\"" class=\""style_1\"" template=\""custom_banner.tmpl\""]Wir bieten ganzheitliche IT-L\u00f6sungen f\u00fcr den Mittelstand. Haben Sie eine IT, die Aufgaben l\u00f6st?[/cherry_banner]  [/cherry_col_inner] [/cherry_row_inner]  [/cherry_box]  [/cherry_col]  [/cherry_row]  [cherry_row type=\""fixed-width\""]  [cherry_col size_md=\""6\"" size_xs=\""12\"" size_sm=\""6\"" size_lg=\""6\""]    [/cherry_col]  [cherry_col size_md=\""6\"" size_xs=\""12\"" size_sm=\""6\"" size_lg=\""6\""]  [cherry_row_inner]  [cherry_col_inner size_md=\""12\"" size_xs=\""12\"" size_sm=\""12\"" size_lg=\""12\""]  [cherry_title_box title=\""QL-IT L\u00f6sungen GmbH - seit 15 Jahren\"" subtitle=\""Seit Oktober 2000 bieten wir IT und e-Commerce L\u00f6sungen f\u00fcr den Mittelstand\"" icon_size=\""20\"" title_color=\""#333333\"" subtitle_color=\""#a9aaa6\"" icon_color=\""#4e4d4d\""]  [/cherry_col_inner]  [/cherry_row_inner]  [cherry_row_inner]  [cherry_col_inner size_md=\""12\"" size_xs=\""12\"" size_sm=\""12\"" size_lg=\""12\""]  Die Kombination aus technischem Know-How, zertifiziertes strukturiertes Arbeiten und vor allem kaufm\u00e4nnischen Know-How hebt uns von unseren Mitbewerbern ab.  Unsere Leistung besteht darin, Ihnen genau die Technik zur Verf\u00fcgung zu stellen, die Sie ben\u00f6tigen und die kaufm\u00e4nnisch sinnvoll ist. Wir k\u00f6nnen uns in Ihre Gesch\u00e4ftsprozesse hineinversetzen und Ihnen daf\u00fcr optimale unterst\u00fctzende L\u00f6sungen anbieten.  F\u00fcr unsere Kunden bedeutet dies, st\u00f6rungsfrei zu arbeiten mit voller Konzentration auf das Kerngesch\u00e4ft.  Insbesondere kleine und mittelst\u00e4ndische Unternehmen mit bis zu 100 Computerarbeitspl\u00e4tzen profitieren von unseren Leistungen in den Bereichen:  [/cherry_col_inner]  [/cherry_row_inner]  [/cherry_col]  [/cherry_row]"", ""url"": ""https://www.ql-it.de/"", ""site_name"": ""QL-IT L\u00f6sungen GmbH"", ""image"": ""https://www.ql-it.de/wp-content/uploads/2023/12/IMG_1662.webp""}, ""images"": [{""src"": ""https://dev.ql-it.de/wp-content/uploads/2015/12/Logo_QL-IT-h70px.png""}, {""src"": ""https://dev.ql-it.de/wp-content/uploads/2015/12/Logo_QL-IT-h70px.png""}, {""src"": ""https://dev.ql-it.de/wp-content/uploads/2015/12/Logo_QL-IT-h70px.png""}, {""src"": ""https://dev.ql-it.de/wp-content/uploads/2015/12/Logo_QL-IT-h70px.png""}, {""src"": ""https://dev.ql-it.de/wp-content/uploads/2015/12/Logo_QL-IT-h70px.png""}, {""src"": ""https://www.ql-it.de/wp-content/uploads/2023/12/IMG_1662.webp""}, {""src"": ""https://www.ql-it.de/wp-content/uploads/2023/11/Slide2-Kopie.webp""}, {""src"": ""https://www.ql-it.de/wp-content/uploads/2023/11/Slide3.webp""}, {""src"": ""https://www.ql-it.de/wp-content/uploads/2023/12/QL-IT_Partner_Header_Cloudya_Variante-1_.webp""}, {""src"": ""https://www.ql-it.de/wp-content/uploads/2021/12/individualprogrammierung_webapps.jpg""}, {""src"": ""https://www.ql-it.de/wp-content/uploads/2022/08/IT_Team_Bremen_QL-IT-min.jpg""}, {""src"": ""https://www.ql-it.de/wp-content/uploads/2023/12/BPF8819-864x1024.webp""}, {""src"": ""https://www.ql-it.de/wp-content/uploads/2023/12/BPF7731-864x1024.webp""}, {""src"": ""https://www.ql-it.de/wp-content/uploads/2024/01/QL-IT_Dec_2023-2-1.webp""}, {""src"": ""https://www.ql-it.de/wp-content/uploads/2023/07/1-removebg-preview-1.png""}, {""src"": ""https://www.ql-it.de/wp-content/uploads/2024/01/Microsoft.jpg""}, {""src"": ""https://www.ql-it.de/wp-content/uploads/2023/09/download.png""}, {""src"": ""https://www.ql-it.de/wp-content/uploads/2023/07/logo-sophos_gold_partner-600px-removebg-preview.png""}, {""src"": ""https://www.ql-it.de/wp-content/uploads/2023/07/1-1.png""}, {""src"": ""https://www.ql-it.de/wp-content/uploads/2023/11/Docu_gold.jpg""}, {""src"": ""https://www.ql-it.de/wp-content/uploads/2023/07/4-3.png""}, {""src"": ""https://www.ql-it.de/wp-content/uploads/2023/07/NFON_Gold-Partner-640w-removebg-preview.png""}, {""src"": ""https://www.ql-it.de/wp-content/uploads/2023/07/Design-ohne-Titel-7.png""}, {""src"": ""https://www.ql-it.de/wp-content/uploads/2023/11/cml-logo-weiss2-1-Kopie.webp""}, {""src"": ""https://dev.ql-it.de/wp-content/uploads/2015/12/Logo_QL-IT-h30px.png""}]}, ""created"": 1729577390996}"
http://wv-s.com/,3,WV-S // Wolfgang Völker Systemlösungen,,NETZWERKTECHNIK,"Bachstr. 3,",Hannover-Nordstadt,30167,0511 70 08 70,anfrage@WV-S.com,WV-S,,,,1729577400073,,,,,,,,"{""domain"": ""http://wv-s.com/"", ""version"": ""3"", ""name"": ""WV-S // Wolfgang V\u00f6lker Systeml\u00f6sungen"", ""category"": ""NETZWERKTECHNIK"", ""contact"": {""street"": ""Bachstr. 3,"", ""city"": ""Hannover-Nordstadt"", ""zip"": ""30167"", ""phone"": ""0511 70 08 70"", ""email"": ""anfrage@WV-S.com""}, ""websiteInfo"": {""meta"": {""title"": ""WV-S""}, ""og"": {}, ""images"": []}, ""created"": 1729577400073}"
https://ci-c.de/index.html,3,CI-C GmbH,,IT-BERATUNG,"Tappenhof 17A,",Bottrop-Overhagen,46244,02045 4 68 09 55,,Entgeltabrechnung mit SAP® in Bestform.,,"Wir sind ALGA-zertifizierter Entgeltabrechner, haben langjährige Berufserfahrung und sind SAP® zertifizierte Berater.",https://ci-c.de/images/21_12_22_elemente-02.svg;https://ci-c.de/images/arrow_2.svg;https://ci-c.de/images/arrow_2.svg;https://ci-c.de/images/arrow_2.svg;https://ci-c.de/images/arrow_2.svg;https://ci-c.de/images/arrow_2.svg;https://ci-c.de/images/arrow_2.svg;https://ci-c.de/images/icons_elemente_weiss-01.svg;https://ci-c.de/images/icons_elemente_weiss-02.svg;https://ci-c.de/images/icons_elemente_weiss-03.svg;https://ci-c.de/images/icons_elemente_weiss-04.svg;https://ci-c.de/images/wasser_2.jpg;https://ci-c.de/images/gallery_2.jpg;https://ci-c.de/images/gallery_3.jpg;https://ci-c.de/images/icons_elemente_weiss-05.svg;https://ci-c.de/images/icons_elemente_weiss-05.svg;https://ci-c.de/images/icons_elemente_weiss-05.svg;https://ci-c.de/images/icons_elemente_weiss-05.svg;https://ci-c.de/images/icons_elemente_weiss-05.svg;https://ci-c.de/images/icons_elemente_weiss-05.svg;https://ci-c.de/images/icons_elemente_weiss-05.svg;https://ci-c.de/images/arrow_4.svg;https://ci-c.de/images/arrow_3.svg;https://ci-c.de/images/arrow_4.svg;https://ci-c.de/images/arrow_3.svg;https://ci-c.de/images/icon_button.svg;https://ci-c.de/images/logo_weiss-06.svg,1729577703340,,,Entgeltabrechnung mit SAP® in Bestform.,"Wir sind ALGA-zertifizierter Entgeltabrechner, haben langjährige Berufserfahrung und sind SAP® zertifizierte Berater.",,,,"{""domain"": ""https://ci-c.de/index.html"", ""version"": ""3"", ""name"": ""CI-C GmbH"", ""category"": ""IT-BERATUNG"", ""contact"": {""street"": ""Tappenhof 17A,"", ""city"": ""Bottrop-Overhagen"", ""zip"": ""46244"", ""phone"": ""02045 4 68 09 55"", ""email"": """"}, ""websiteInfo"": {""meta"": {""title"": ""Entgeltabrechnung mit SAP\u00ae in Bestform."", ""description"": ""Wir sind ALGA-zertifizierter Entgeltabrechner, haben langj\u00e4hrige Berufserfahrung und sind SAP\u00ae zertifizierte Berater.""}, ""og"": {""title"": ""Entgeltabrechnung mit SAP\u00ae in Bestform."", ""description"": ""Wir sind ALGA-zertifizierter Entgeltabrechner, haben langj\u00e4hrige Berufserfahrung und sind SAP\u00ae zertifizierte Berater."", ""type"": ""website""}, ""images"": [{""src"": ""https://ci-c.de/images/21_12_22_elemente-02.svg""}, {""src"": ""https://ci-c.de/images/arrow_2.svg""}, {""src"": ""https://ci-c.de/images/arrow_2.svg""}, {""src"": ""https://ci-c.de/images/arrow_2.svg""}, {""src"": ""https://ci-c.de/images/arrow_2.svg""}, {""src"": ""https://ci-c.de/images/arrow_2.svg""}, {""src"": ""https://ci-c.de/images/arrow_2.svg""}, {""src"": ""https://ci-c.de/images/icons_elemente_weiss-01.svg""}, {""src"": ""https://ci-c.de/images/icons_elemente_weiss-02.svg""}, {""src"": ""https://ci-c.de/images/icons_elemente_weiss-03.svg""}, {""src"": ""https://ci-c.de/images/icons_elemente_weiss-04.svg""}, {""src"": ""https://ci-c.de/images/wasser_2.jpg""}, {""src"": ""https://ci-c.de/images/gallery_2.jpg""}, {""src"": ""https://ci-c.de/images/gallery_3.jpg""}, {""src"": ""https://ci-c.de/images/icons_elemente_weiss-05.svg""}, {""src"": ""https://ci-c.de/images/icons_elemente_weiss-05.svg""}, {""src"": ""https://ci-c.de/images/icons_elemente_weiss-05.svg""}, {""src"": ""https://ci-c.de/images/icons_elemente_weiss-05.svg""}, {""src"": ""https://ci-c.de/images/icons_elemente_weiss-05.svg""}, {""src"": ""https://ci-c.de/images/icons_elemente_weiss-05.svg""}, {""src"": ""https://ci-c.de/images/icons_elemente_weiss-05.svg""}, {""src"": ""https://ci-c.de/images/arrow_4.svg""}, {""src"": ""https://ci-c.de/images/arrow_3.svg""}, {""src"": ""https://ci-c.de/images/arrow_4.svg""}, {""src"": ""https://ci-c.de/images/arrow_3.svg""}, {""src"": ""https://ci-c.de/images/icon_button.svg""}, {""src"": ""https://ci-c.de/images/logo_weiss-06.svg""}]}, ""created"": 1729577703340}"
http://colordots.de/,3,Colordots Einzelhandel,,IT-ANLAGEN,"Breite Str. 26,",Oberkrämer,16727,03304 50 70 33,info@colordots.de,,,,,1729577703569,,,,,,,,"{""domain"": ""http://colordots.de/"", ""version"": ""3"", ""name"": ""Colordots Einzelhandel"", ""category"": ""IT-ANLAGEN"", ""contact"": {""street"": ""Breite Str. 26,"", ""city"": ""Oberkr\u00e4mer"", ""zip"": ""16727"", ""phone"": ""03304 50 70 33"", ""email"": ""info@colordots.de""}, ""websiteInfo"": {}, ""created"": 1729577703569}"
